,Data,Hospitalizowane,województwo
0,2020-03-05,5,dolnośląskie
1,2020-03-06,28,dolnośląskie
2,2020-03-07,42,dolnośląskie
3,2020-03-08,50,dolnośląskie
4,2020-03-09,48,dolnośląskie
5,2020-03-10,42,dolnośląskie
6,2020-03-11,46,dolnośląskie
7,2020-03-12,49,dolnośląskie
8,2020-03-13,100,dolnośląskie
9,2020-03-14,59,dolnośląskie
10,2020-03-15,81,dolnośląskie
11,2020-03-16,63,dolnośląskie
12,2020-03-17,79,dolnośląskie
13,2020-03-18,72,dolnośląskie
14,2020-03-19,79,dolnośląskie
15,2020-03-20,84,dolnośląskie
16,2020-03-21,75,dolnośląskie
17,2020-03-22,100,dolnośląskie
18,2020-03-23,87,dolnośląskie
19,2020-03-24,226,dolnośląskie
20,2020-03-25,248,dolnośląskie
21,2020-03-26,197,dolnośląskie
22,2020-03-27,217,dolnośląskie
23,2020-03-28,179,dolnośląskie
24,2020-03-29,274,dolnośląskie
25,2020-03-30,265,dolnośląskie
26,2020-03-31,229,dolnośląskie
27,2020-04-02,231,dolnośląskie
28,2020-04-03,270,dolnośląskie
29,2020-04-04,343,dolnośląskie
30,2020-04-05,275,dolnośląskie
31,2020-04-06,270,dolnośląskie
32,2020-04-07,236,dolnośląskie
33,2020-04-08,236,dolnośląskie
34,2020-04-09,258,dolnośląskie
35,2020-04-10,255,dolnośląskie
36,2020-04-11,271,dolnośląskie
37,2020-04-12,283,dolnośląskie
38,2020-04-13,265,dolnośląskie
39,2020-04-14,278,dolnośląskie
40,2020-04-15,284,dolnośląskie
41,2020-04-16,270,dolnośląskie
42,2020-04-17,296,dolnośląskie
43,2020-04-18,291,dolnośląskie
44,2020-04-19,223,dolnośląskie
45,2020-04-20,278,dolnośląskie
46,2020-04-21,296,dolnośląskie
47,2020-04-22,301,dolnośląskie
48,2020-04-23,313,dolnośląskie
49,2020-04-24,294,dolnośląskie
50,2020-04-25,302,dolnośląskie
51,2020-04-26,301,dolnośląskie
52,2020-04-27,319,dolnośląskie
53,2020-04-28,329,dolnośląskie
54,2020-04-29,337,dolnośląskie
55,2020-04-30,339,dolnośląskie
56,2020-05-01,298,dolnośląskie
57,2020-05-02,359,dolnośląskie
58,2020-05-03,356,dolnośląskie
59,2020-05-04,366,dolnośląskie
60,2020-05-05,358,dolnośląskie
61,2020-05-06,339,dolnośląskie
62,2020-05-07,347,dolnośląskie
63,2020-05-08,334,dolnośląskie
64,2020-05-09,331,dolnośląskie
65,2020-05-10,306,dolnośląskie
66,2020-05-11,347,dolnośląskie
67,2020-05-12,318,dolnośląskie
68,2020-05-13,326,dolnośląskie
69,2020-05-14,331,dolnośląskie
70,2020-05-15,323,dolnośląskie
71,2020-05-16,311,dolnośląskie
72,2020-05-17,291,dolnośląskie
73,2020-05-18,312,dolnośląskie
74,2020-05-19,307,dolnośląskie
75,2020-05-20,305,dolnośląskie
76,2020-05-21,312,dolnośląskie
77,2020-05-22,335,dolnośląskie
78,2020-05-23,333,dolnośląskie
79,2020-05-24,334,dolnośląskie
80,2020-05-25,377,dolnośląskie
81,2020-05-26,382,dolnośląskie
82,2020-05-27,362,dolnośląskie
83,2020-05-28,345,dolnośląskie
84,2020-05-29,339,dolnośląskie
85,2020-05-30,344,dolnośląskie
86,2020-05-31,336,dolnośląskie
87,2020-06-01,333,dolnośląskie
88,2020-06-02,332,dolnośląskie
89,2020-06-03,323,dolnośląskie
90,2020-06-04,303,dolnośląskie
91,2020-06-05,297,dolnośląskie
92,2020-06-06,269,dolnośląskie
93,2020-06-07,261,dolnośląskie
94,2020-06-08,288,dolnośląskie
95,2020-06-09,288,dolnośląskie
96,2020-06-10,266,dolnośląskie
97,2020-06-11,266,dolnośląskie
98,2020-06-12,266,dolnośląskie
99,2020-06-13,256,dolnośląskie
100,2020-06-14,227,dolnośląskie
101,2020-06-15,252,dolnośląskie
102,2020-06-16,248,dolnośląskie
103,2020-06-17,228,dolnośląskie
104,2020-06-18,230,dolnośląskie
105,2020-06-19,220,dolnośląskie
106,2020-06-20,220,dolnośląskie
107,2020-06-21,219,dolnośląskie
108,2020-06-22,219,dolnośląskie
109,2020-06-23,213,dolnośląskie
110,2020-06-24,209,dolnośląskie
111,2020-06-25,210,dolnośląskie
112,2020-06-26,203,dolnośląskie
113,2020-06-27,198,dolnośląskie
114,2020-06-28,183,dolnośląskie
115,2020-06-29,183,dolnośląskie
116,2020-06-30,184,dolnośląskie
117,2020-07-01,190,dolnośląskie
118,2020-07-02,191,dolnośląskie
119,2020-07-03,188,dolnośląskie
120,2020-07-04,152,dolnośląskie
121,2020-07-05,147,dolnośląskie
122,2020-07-06,149,dolnośląskie
123,2020-07-07,150,dolnośląskie
124,2020-07-08,149,dolnośląskie
125,2020-07-09,140,dolnośląskie
126,2020-07-10,132,dolnośląskie
127,2020-07-11,135,dolnośląskie
128,2020-07-12,136,dolnośląskie
129,2020-07-13,131,dolnośląskie
130,2020-07-14,132,dolnośląskie
131,2020-07-16,108,dolnośląskie
132,2020-07-18,109,dolnośląskie
133,2020-07-19,112,dolnośląskie
134,2020-07-21,113,dolnośląskie
135,2020-07-23,131,dolnośląskie
136,2020-07-25,132,dolnośląskie
137,2020-07-28,141,dolnośląskie
138,2020-07-30,77,dolnośląskie
139,2020-08-01,72,dolnośląskie
140,2020-03-09,6,kujawsko-pomorskie
141,2020-03-10,8,kujawsko-pomorskie
142,2020-03-11,13,kujawsko-pomorskie
143,2020-03-13,16,kujawsko-pomorskie
144,2020-03-14,19,kujawsko-pomorskie
145,2020-03-16,31,kujawsko-pomorskie
146,2020-03-17,32,kujawsko-pomorskie
147,2020-03-18,37,kujawsko-pomorskie
148,2020-03-19,35,kujawsko-pomorskie
149,2020-03-20,37,kujawsko-pomorskie
150,2020-03-21,39,kujawsko-pomorskie
151,2020-03-22,38,kujawsko-pomorskie
152,2020-03-23,38,kujawsko-pomorskie
153,2020-03-24,38,kujawsko-pomorskie
154,2020-03-25,41,kujawsko-pomorskie
155,2020-03-26,59,kujawsko-pomorskie
156,2020-03-27,67,kujawsko-pomorskie
157,2020-03-28,74,kujawsko-pomorskie
158,2020-03-29,79,kujawsko-pomorskie
159,2020-03-30,73,kujawsko-pomorskie
160,2020-03-31,75,kujawsko-pomorskie
161,2020-04-03,156,kujawsko-pomorskie
162,2020-04-04,162,kujawsko-pomorskie
163,2020-04-05,176,kujawsko-pomorskie
164,2020-04-06,177,kujawsko-pomorskie
165,2020-04-07,207,kujawsko-pomorskie
166,2020-04-08,227,kujawsko-pomorskie
167,2020-04-09,201,kujawsko-pomorskie
168,2020-04-10,190,kujawsko-pomorskie
169,2020-04-14,260,kujawsko-pomorskie
170,2020-04-15,182,kujawsko-pomorskie
171,2020-04-16,165,kujawsko-pomorskie
172,2020-04-17,168,kujawsko-pomorskie
173,2020-04-18,162,kujawsko-pomorskie
174,2020-04-19,163,kujawsko-pomorskie
175,2020-04-20,146,kujawsko-pomorskie
176,2020-04-21,167,kujawsko-pomorskie
177,2020-04-22,163,kujawsko-pomorskie
178,2020-04-23,145,kujawsko-pomorskie
179,2020-04-24,149,kujawsko-pomorskie
180,2020-04-25,153,kujawsko-pomorskie
181,2020-04-26,154,kujawsko-pomorskie
182,2020-04-27,161,kujawsko-pomorskie
183,2020-04-28,159,kujawsko-pomorskie
184,2020-04-29,178,kujawsko-pomorskie
185,2020-04-30,182,kujawsko-pomorskie
186,2020-05-01,178,kujawsko-pomorskie
187,2020-05-02,182,kujawsko-pomorskie
188,2020-05-03,173,kujawsko-pomorskie
189,2020-05-04,161,kujawsko-pomorskie
190,2020-05-05,165,kujawsko-pomorskie
191,2020-05-06,160,kujawsko-pomorskie
192,2020-05-07,157,kujawsko-pomorskie
193,2020-05-08,169,kujawsko-pomorskie
194,2020-05-09,187,kujawsko-pomorskie
195,2020-05-10,153,kujawsko-pomorskie
196,2020-05-11,155,kujawsko-pomorskie
197,2020-05-12,145,kujawsko-pomorskie
198,2020-05-13,137,kujawsko-pomorskie
199,2020-05-14,133,kujawsko-pomorskie
200,2020-05-15,123,kujawsko-pomorskie
201,2020-05-16,116,kujawsko-pomorskie
202,2020-05-17,118,kujawsko-pomorskie
203,2020-05-18,121,kujawsko-pomorskie
204,2020-05-19,115,kujawsko-pomorskie
205,2020-05-20,114,kujawsko-pomorskie
206,2020-05-21,107,kujawsko-pomorskie
207,2020-05-22,59,kujawsko-pomorskie
208,2020-05-23,61,kujawsko-pomorskie
209,2020-05-24,62,kujawsko-pomorskie
210,2020-05-25,94,kujawsko-pomorskie
211,2020-05-26,103,kujawsko-pomorskie
212,2020-05-27,103,kujawsko-pomorskie
213,2020-05-28,92,kujawsko-pomorskie
214,2020-05-29,86,kujawsko-pomorskie
215,2020-05-30,83,kujawsko-pomorskie
216,2020-05-31,80,kujawsko-pomorskie
217,2020-06-01,85,kujawsko-pomorskie
218,2020-06-02,78,kujawsko-pomorskie
219,2020-06-03,81,kujawsko-pomorskie
220,2020-06-04,191,kujawsko-pomorskie
221,2020-06-05,192,kujawsko-pomorskie
222,2020-06-06,191,kujawsko-pomorskie
223,2020-06-07,191,kujawsko-pomorskie
224,2020-06-08,191,kujawsko-pomorskie
225,2020-06-09,192,kujawsko-pomorskie
226,2020-06-10,193,kujawsko-pomorskie
227,2020-06-11,194,kujawsko-pomorskie
228,2020-06-12,200,kujawsko-pomorskie
229,2020-06-13,202,kujawsko-pomorskie
230,2020-06-14,203,kujawsko-pomorskie
231,2020-06-15,198,kujawsko-pomorskie
232,2020-06-16,198,kujawsko-pomorskie
233,2020-06-17,198,kujawsko-pomorskie
234,2020-06-18,198,kujawsko-pomorskie
235,2020-06-19,198,kujawsko-pomorskie
236,2020-06-20,200,kujawsko-pomorskie
237,2020-06-21,200,kujawsko-pomorskie
238,2020-06-22,200,kujawsko-pomorskie
239,2020-06-23,200,kujawsko-pomorskie
240,2020-06-24,201,kujawsko-pomorskie
241,2020-06-25,202,kujawsko-pomorskie
242,2020-06-26,203,kujawsko-pomorskie
243,2020-06-27,203,kujawsko-pomorskie
244,2020-06-28,203,kujawsko-pomorskie
245,2020-06-29,203,kujawsko-pomorskie
246,2020-06-30,204,kujawsko-pomorskie
247,2020-07-01,204,kujawsko-pomorskie
248,2020-07-02,204,kujawsko-pomorskie
249,2020-07-03,204,kujawsko-pomorskie
250,2020-07-04,204,kujawsko-pomorskie
251,2020-07-05,204,kujawsko-pomorskie
252,2020-07-06,205,kujawsko-pomorskie
253,2020-07-07,206,kujawsko-pomorskie
254,2020-07-08,206,kujawsko-pomorskie
255,2020-07-09,206,kujawsko-pomorskie
256,2020-07-10,206,kujawsko-pomorskie
257,2020-07-11,206,kujawsko-pomorskie
258,2020-07-12,206,kujawsko-pomorskie
259,2020-07-13,206,kujawsko-pomorskie
260,2020-07-14,206,kujawsko-pomorskie
261,2020-07-15,206,kujawsko-pomorskie
262,2020-07-16,207,kujawsko-pomorskie
263,2020-07-17,207,kujawsko-pomorskie
264,2020-07-18,207,kujawsko-pomorskie
265,2020-07-19,208,kujawsko-pomorskie
266,2020-07-20,208,kujawsko-pomorskie
267,2020-07-21,211,kujawsko-pomorskie
268,2020-07-22,211,kujawsko-pomorskie
269,2020-07-23,211,kujawsko-pomorskie
270,2020-07-24,215,kujawsko-pomorskie
271,2020-07-25,215,kujawsko-pomorskie
272,2020-07-26,215,kujawsko-pomorskie
273,2020-07-27,215,kujawsko-pomorskie
274,2020-07-28,217,kujawsko-pomorskie
275,2020-07-29,219,kujawsko-pomorskie
276,2020-07-30,223,kujawsko-pomorskie
277,2020-07-31,233,kujawsko-pomorskie
278,2020-08-01,224,kujawsko-pomorskie
279,2020-08-02,224,kujawsko-pomorskie
280,2020-08-03,224,kujawsko-pomorskie
281,2020-03-09,9,lubelskie
282,2020-03-10,8,lubelskie
283,2020-03-11,14,lubelskie
284,2020-03-12,18,lubelskie
285,2020-03-13,30,lubelskie
286,2020-03-14,34,lubelskie
287,2020-03-15,35,lubelskie
288,2020-03-16,21,lubelskie
289,2020-03-17,25,lubelskie
290,2020-03-18,15,lubelskie
291,2020-03-19,19,lubelskie
292,2020-03-20,20,lubelskie
293,2020-03-21,29,lubelskie
294,2020-03-22,18,lubelskie
295,2020-03-23,15,lubelskie
296,2020-03-24,24,lubelskie
297,2020-03-25,30,lubelskie
298,2020-03-26,24,lubelskie
299,2020-03-27,33,lubelskie
300,2020-03-28,32,lubelskie
301,2020-03-29,31,lubelskie
302,2020-03-30,25,lubelskie
303,2020-03-31,39,lubelskie
304,2020-04-01,21,lubelskie
305,2020-04-03,41,lubelskie
306,2020-04-04,12,lubelskie
307,2020-04-05,23,lubelskie
308,2020-04-06,20,lubelskie
309,2020-04-07,30,lubelskie
310,2020-04-08,18,lubelskie
311,2020-04-09,18,lubelskie
312,2020-04-10,16,lubelskie
313,2020-04-11,29,lubelskie
314,2020-04-12,15,lubelskie
315,2020-04-13,15,lubelskie
316,2020-04-14,17,lubelskie
317,2020-04-15,22,lubelskie
318,2020-04-16,32,lubelskie
319,2020-04-17,20,lubelskie
320,2020-04-18,20,lubelskie
321,2020-04-19,7,lubelskie
322,2020-04-20,35,lubelskie
323,2020-04-21,20,lubelskie
324,2020-04-22,27,lubelskie
325,2020-04-23,16,lubelskie
326,2020-04-24,17,lubelskie
327,2020-04-25,9,lubelskie
328,2020-04-26,13,lubelskie
329,2020-04-27,8,lubelskie
330,2020-04-28,17,lubelskie
331,2020-04-29,11,lubelskie
332,2020-04-30,12,lubelskie
333,2020-05-01,2,lubelskie
334,2020-05-02,7,lubelskie
335,2020-05-03,11,lubelskie
336,2020-05-04,12,lubelskie
337,2020-05-05,13,lubelskie
338,2020-05-06,11,lubelskie
339,2020-05-07,8,lubelskie
340,2020-05-08,13,lubelskie
341,2020-05-09,7,lubelskie
342,2020-05-10,8,lubelskie
343,2020-05-11,17,lubelskie
344,2020-05-12,19,lubelskie
345,2020-05-13,3,lubelskie
346,2020-05-14,14,lubelskie
347,2020-05-15,14,lubelskie
348,2020-05-16,11,lubelskie
349,2020-05-17,9,lubelskie
350,2020-05-18,15,lubelskie
351,2020-05-19,7,lubelskie
352,2020-05-20,15,lubelskie
353,2020-05-21,12,lubelskie
354,2020-05-22,17,lubelskie
355,2020-05-23,14,lubelskie
356,2020-05-24,8,lubelskie
357,2020-05-25,18,lubelskie
358,2020-05-26,14,lubelskie
359,2020-05-27,10,lubelskie
360,2020-05-28,30,lubelskie
361,2020-05-29,19,lubelskie
362,2020-05-30,8,lubelskie
363,2020-05-31,7,lubelskie
364,2020-06-01,12,lubelskie
365,2020-06-02,16,lubelskie
366,2020-06-03,15,lubelskie
367,2020-06-04,14,lubelskie
368,2020-06-05,9,lubelskie
369,2020-06-06,13,lubelskie
370,2020-06-07,6,lubelskie
371,2020-06-08,13,lubelskie
372,2020-06-13,15,lubelskie
373,2020-06-16,21,lubelskie
374,2020-06-17,7,lubelskie
375,2020-06-18,12,lubelskie
376,2020-06-19,14,lubelskie
377,2020-06-20,9,lubelskie
378,2020-06-21,8,lubelskie
379,2020-06-22,8,lubelskie
380,2020-06-23,8,lubelskie
381,2020-06-24,14,lubelskie
382,2020-06-25,16,lubelskie
383,2020-06-26,7,lubelskie
384,2020-06-27,15,lubelskie
385,2020-06-28,75,lubelskie
386,2020-06-29,6,lubelskie
387,2020-06-30,6,lubelskie
388,2020-07-01,4,lubelskie
389,2020-07-02,16,lubelskie
390,2020-07-03,12,lubelskie
391,2020-07-04,14,lubelskie
392,2020-07-05,11,lubelskie
393,2020-07-06,7,lubelskie
394,2020-07-07,12,lubelskie
395,2020-07-08,16,lubelskie
396,2020-07-09,5,lubelskie
397,2020-07-10,8,lubelskie
398,2020-07-11,29,lubelskie
399,2020-07-12,13,lubelskie
400,2020-07-13,11,lubelskie
401,2020-07-14,5,lubelskie
402,2020-07-15,6,lubelskie
403,2020-07-16,15,lubelskie
404,2020-07-17,17,lubelskie
405,2020-07-18,3,lubelskie
406,2020-07-19,11,lubelskie
407,2020-07-20,8,lubelskie
408,2020-07-21,13,lubelskie
409,2020-07-22,11,lubelskie
410,2020-07-23,10,lubelskie
411,2020-07-24,12,lubelskie
412,2020-07-26,7,lubelskie
413,2020-07-28,23,lubelskie
414,2020-07-29,11,lubelskie
415,2020-07-30,25,lubelskie
416,2020-07-31,19,lubelskie
417,2020-08-01,20,lubelskie
418,2020-03-16,2,lubuskie
419,2020-03-17,10,lubuskie
420,2020-03-18,7,lubuskie
421,2020-03-19,11,lubuskie
422,2020-03-20,9,lubuskie
423,2020-03-21,15,lubuskie
424,2020-03-22,13,lubuskie
425,2020-03-23,18,lubuskie
426,2020-03-24,22,lubuskie
427,2020-03-25,25,lubuskie
428,2020-03-26,26,lubuskie
429,2020-03-27,21,lubuskie
430,2020-03-28,20,lubuskie
431,2020-03-29,21,lubuskie
432,2020-03-30,23,lubuskie
433,2020-03-31,30,lubuskie
434,2020-04-01,30,lubuskie
435,2020-04-02,32,lubuskie
436,2020-04-03,33,lubuskie
437,2020-04-04,27,lubuskie
438,2020-04-05,24,lubuskie
439,2020-04-06,29,lubuskie
440,2020-04-07,30,lubuskie
441,2020-04-08,28,lubuskie
442,2020-04-09,24,lubuskie
443,2020-04-10,29,lubuskie
444,2020-04-11,31,lubuskie
445,2020-04-12,30,lubuskie
446,2020-04-13,24,lubuskie
447,2020-04-14,30,lubuskie
448,2020-04-15,26,lubuskie
449,2020-04-16,32,lubuskie
450,2020-04-17,27,lubuskie
451,2020-04-18,22,lubuskie
452,2020-04-19,23,lubuskie
453,2020-04-20,30,lubuskie
454,2020-04-21,31,lubuskie
455,2020-04-22,35,lubuskie
456,2020-04-23,36,lubuskie
457,2020-04-24,31,lubuskie
458,2020-04-25,12,lubuskie
459,2020-04-26,30,lubuskie
460,2020-04-27,19,lubuskie
461,2020-04-28,18,lubuskie
462,2020-04-29,12,lubuskie
463,2020-04-30,6,lubuskie
464,2020-05-01,16,lubuskie
465,2020-05-02,8,lubuskie
466,2020-05-03,5,lubuskie
467,2020-05-04,6,lubuskie
468,2020-05-05,7,lubuskie
469,2020-05-06,6,lubuskie
470,2020-05-07,5,lubuskie
471,2020-05-08,14,lubuskie
472,2020-05-09,10,lubuskie
473,2020-05-10,6,lubuskie
474,2020-05-11,6,lubuskie
475,2020-05-12,7,lubuskie
476,2020-05-13,9,lubuskie
477,2020-05-14,5,lubuskie
478,2020-05-15,8,lubuskie
479,2020-05-16,7,lubuskie
480,2020-05-17,4,lubuskie
481,2020-05-18,7,lubuskie
482,2020-05-19,2,lubuskie
483,2020-05-20,4,lubuskie
484,2020-05-21,4,lubuskie
485,2020-05-22,24,lubuskie
486,2020-05-23,33,lubuskie
487,2020-05-24,30,lubuskie
488,2020-05-25,33,lubuskie
489,2020-05-26,33,lubuskie
490,2020-05-27,31,lubuskie
491,2020-05-28,26,lubuskie
492,2020-05-29,34,lubuskie
493,2020-05-30,30,lubuskie
494,2020-05-31,34,lubuskie
495,2020-06-01,28,lubuskie
496,2020-06-02,25,lubuskie
497,2020-06-03,30,lubuskie
498,2020-06-04,27,lubuskie
499,2020-06-05,11,lubuskie
500,2020-06-06,11,lubuskie
501,2020-06-07,12,lubuskie
502,2020-06-08,12,lubuskie
503,2020-06-09,10,lubuskie
504,2020-06-10,13,lubuskie
505,2020-06-11,15,lubuskie
506,2020-06-12,19,lubuskie
507,2020-06-13,17,lubuskie
508,2020-06-14,22,lubuskie
509,2020-06-15,21,lubuskie
510,2020-06-16,18,lubuskie
511,2020-06-17,15,lubuskie
512,2020-06-18,15,lubuskie
513,2020-06-19,16,lubuskie
514,2020-06-20,18,lubuskie
515,2020-06-21,20,lubuskie
516,2020-06-22,21,lubuskie
517,2020-06-23,22,lubuskie
518,2020-06-24,19,lubuskie
519,2020-06-25,17,lubuskie
520,2020-06-26,13,lubuskie
521,2020-06-27,13,lubuskie
522,2020-06-28,13,lubuskie
523,2020-06-29,16,lubuskie
524,2020-06-30,14,lubuskie
525,2020-07-01,16,lubuskie
526,2020-07-02,14,lubuskie
527,2020-07-03,14,lubuskie
528,2020-07-04,14,lubuskie
529,2020-07-05,14,lubuskie
530,2020-07-06,12,lubuskie
531,2020-07-07,12,lubuskie
532,2020-07-08,8,lubuskie
533,2020-07-09,13,lubuskie
534,2020-07-10,21,lubuskie
535,2020-07-11,24,lubuskie
536,2020-07-12,31,lubuskie
537,2020-07-13,38,lubuskie
538,2020-07-14,49,lubuskie
539,2020-07-15,52,lubuskie
540,2020-07-16,53,lubuskie
541,2020-07-17,54,lubuskie
542,2020-07-18,50,lubuskie
543,2020-07-19,60,lubuskie
544,2020-07-20,58,lubuskie
545,2020-07-21,61,lubuskie
546,2020-07-22,58,lubuskie
547,2020-07-23,63,lubuskie
548,2020-07-25,60,lubuskie
549,2020-07-26,59,lubuskie
550,2020-07-27,60,lubuskie
551,2020-07-28,59,lubuskie
552,2020-07-29,59,lubuskie
553,2020-07-30,61,lubuskie
554,2020-07-31,58,lubuskie
555,2020-08-01,62,lubuskie
556,2020-08-02,63,lubuskie
557,2020-03-12,43,łódzkie
558,2020-03-13,28,łódzkie
559,2020-03-14,57,łódzkie
560,2020-03-16,57,łódzkie
561,2020-03-17,32,łódzkie
562,2020-03-19,28,łódzkie
563,2020-03-20,15,łódzkie
564,2020-03-21,14,łódzkie
565,2020-03-22,23,łódzkie
566,2020-03-23,27,łódzkie
567,2020-03-24,51,łódzkie
568,2020-03-26,23,łódzkie
569,2020-03-27,34,łódzkie
570,2020-03-28,45,łódzkie
571,2020-03-29,40,łódzkie
572,2020-03-30,31,łódzkie
573,2020-03-31,35,łódzkie
574,2020-04-01,36,łódzkie
575,2020-04-02,32,łódzkie
576,2020-04-03,33,łódzkie
577,2020-04-04,37,łódzkie
578,2020-04-05,41,łódzkie
579,2020-04-06,43,łódzkie
580,2020-04-07,34,łódzkie
581,2020-04-08,35,łódzkie
582,2020-04-09,37,łódzkie
583,2020-04-10,40,łódzkie
584,2020-04-11,27,łódzkie
585,2020-04-12,28,łódzkie
586,2020-04-13,30,łódzkie
587,2020-04-14,26,łódzkie
588,2020-04-15,23,łódzkie
589,2020-04-16,35,łódzkie
590,2020-04-17,20,łódzkie
591,2020-04-18,61,łódzkie
592,2020-04-19,60,łódzkie
593,2020-04-20,40,łódzkie
594,2020-04-21,34,łódzkie
595,2020-04-22,33,łódzkie
596,2020-04-23,45,łódzkie
597,2020-04-24,37,łódzkie
598,2020-04-25,28,łódzkie
599,2020-04-26,27,łódzkie
600,2020-04-27,22,łódzkie
601,2020-04-28,17,łódzkie
602,2020-04-29,21,łódzkie
603,2020-04-30,18,łódzkie
604,2020-05-01,27,łódzkie
605,2020-05-02,24,łódzkie
606,2020-05-03,26,łódzkie
607,2020-05-04,19,łódzkie
608,2020-05-05,10,łódzkie
609,2020-05-06,20,łódzkie
610,2020-05-07,18,łódzkie
611,2020-05-08,18,łódzkie
612,2020-05-09,41,łódzkie
613,2020-05-10,47,łódzkie
614,2020-05-11,47,łódzkie
615,2020-05-12,23,łódzkie
616,2020-05-13,25,łódzkie
617,2020-05-14,31,łódzkie
618,2020-05-15,30,łódzkie
619,2020-05-16,36,łódzkie
620,2020-05-17,41,łódzkie
621,2020-05-18,32,łódzkie
622,2020-05-19,23,łódzkie
623,2020-05-20,14,łódzkie
624,2020-05-21,14,łódzkie
625,2020-05-22,25,łódzkie
626,2020-05-23,37,łódzkie
627,2020-05-24,48,łódzkie
628,2020-05-25,26,łódzkie
629,2020-05-26,23,łódzkie
630,2020-05-27,29,łódzkie
631,2020-05-28,38,łódzkie
632,2020-05-29,25,łódzkie
633,2020-05-30,35,łódzkie
634,2020-05-31,42,łódzkie
635,2020-06-01,26,łódzkie
636,2020-06-02,27,łódzkie
637,2020-06-03,18,łódzkie
638,2020-06-04,25,łódzkie
639,2020-06-05,29,łódzkie
640,2020-06-06,37,łódzkie
641,2020-06-07,33,łódzkie
642,2020-06-08,41,łódzkie
643,2020-06-09,29,łódzkie
644,2020-06-10,28,łódzkie
645,2020-06-11,31,łódzkie
646,2020-06-12,26,łódzkie
647,2020-06-13,37,łódzkie
648,2020-06-14,35,łódzkie
649,2020-06-15,40,łódzkie
650,2020-06-16,28,łódzkie
651,2020-06-17,38,łódzkie
652,2020-06-18,35,łódzkie
653,2020-06-19,34,łódzkie
654,2020-06-20,50,łódzkie
655,2020-06-21,63,łódzkie
656,2020-06-22,42,łódzkie
657,2020-06-23,34,łódzkie
658,2020-06-24,51,łódzkie
659,2020-06-25,45,łódzkie
660,2020-06-26,37,łódzkie
661,2020-06-27,56,łódzkie
662,2020-06-28,67,łódzkie
663,2020-06-29,55,łódzkie
664,2020-06-30,45,łódzkie
665,2020-07-01,34,łódzkie
666,2020-07-02,44,łódzkie
667,2020-07-03,40,łódzkie
668,2020-07-04,47,łódzkie
669,2020-07-05,47,łódzkie
670,2020-07-06,32,łódzkie
671,2020-07-07,44,łódzkie
672,2020-07-08,38,łódzkie
673,2020-07-09,32,łódzkie
674,2020-07-10,46,łódzkie
675,2020-07-11,49,łódzkie
676,2020-07-12,56,łódzkie
677,2020-07-13,39,łódzkie
678,2020-07-14,35,łódzkie
679,2020-07-15,24,łódzkie
680,2020-07-16,41,łódzkie
681,2020-07-17,29,łódzkie
682,2020-07-18,46,łódzkie
683,2020-07-19,60,łódzkie
684,2020-07-20,33,łódzkie
685,2020-07-21,32,łódzkie
686,2020-07-22,35,łódzkie
687,2020-07-23,42,łódzkie
688,2020-07-24,28,łódzkie
689,2020-07-25,56,łódzkie
690,2020-07-26,60,łódzkie
691,2020-07-27,43,łódzkie
692,2020-07-28,39,łódzkie
693,2020-07-29,45,łódzkie
694,2020-07-30,30,łódzkie
695,2020-07-31,40,łódzkie
696,2020-08-01,63,łódzkie
697,2020-08-02,77,łódzkie
698,2020-03-11,12,małopolskie
699,2020-03-12,15,małopolskie
700,2020-03-13,23,małopolskie
701,2020-03-14,31,małopolskie
702,2020-03-15,33,małopolskie
703,2020-03-16,16,małopolskie
704,2020-03-17,24,małopolskie
705,2020-03-18,19,małopolskie
706,2020-03-19,23,małopolskie
707,2020-03-20,30,małopolskie
708,2020-03-21,38,małopolskie
709,2020-03-22,40,małopolskie
710,2020-03-23,39,małopolskie
711,2020-03-24,38,małopolskie
712,2020-03-25,48,małopolskie
713,2020-03-26,60,małopolskie
714,2020-03-27,61,małopolskie
715,2020-03-28,75,małopolskie
716,2020-03-29,79,małopolskie
717,2020-03-30,77,małopolskie
718,2020-03-31,87,małopolskie
719,2020-04-02,118,małopolskie
720,2020-04-03,126,małopolskie
721,2020-04-04,138,małopolskie
722,2020-04-05,87,małopolskie
723,2020-04-06,133,małopolskie
724,2020-04-07,146,małopolskie
725,2020-04-08,149,małopolskie
726,2020-04-09,163,małopolskie
727,2020-04-10,179,małopolskie
728,2020-04-11,182,małopolskie
729,2020-04-12,192,małopolskie
730,2020-04-13,203,małopolskie
731,2020-04-14,192,małopolskie
732,2020-04-15,196,małopolskie
733,2020-04-16,186,małopolskie
734,2020-04-17,177,małopolskie
735,2020-04-18,177,małopolskie
736,2020-04-19,190,małopolskie
737,2020-04-20,200,małopolskie
738,2020-04-21,200,małopolskie
739,2020-04-22,193,małopolskie
740,2020-04-23,198,małopolskie
741,2020-04-24,204,małopolskie
742,2020-04-25,202,małopolskie
743,2020-04-26,205,małopolskie
744,2020-04-27,202,małopolskie
745,2020-04-28,200,małopolskie
746,2020-04-29,191,małopolskie
747,2020-04-30,189,małopolskie
748,2020-05-01,182,małopolskie
749,2020-05-02,174,małopolskie
750,2020-05-03,176,małopolskie
751,2020-05-04,175,małopolskie
752,2020-05-05,173,małopolskie
753,2020-05-06,167,małopolskie
754,2020-05-07,164,małopolskie
755,2020-05-08,153,małopolskie
756,2020-05-09,157,małopolskie
757,2020-05-10,151,małopolskie
758,2020-05-11,139,małopolskie
759,2020-05-12,125,małopolskie
760,2020-05-13,116,małopolskie
761,2020-05-14,111,małopolskie
762,2020-05-15,107,małopolskie
763,2020-05-16,102,małopolskie
764,2020-05-17,97,małopolskie
765,2020-05-18,91,małopolskie
766,2020-05-19,88,małopolskie
767,2020-05-20,79,małopolskie
768,2020-05-21,79,małopolskie
769,2020-05-22,69,małopolskie
770,2020-05-23,68,małopolskie
771,2020-05-24,61,małopolskie
772,2020-05-25,57,małopolskie
773,2020-05-26,56,małopolskie
774,2020-05-27,58,małopolskie
775,2020-05-28,57,małopolskie
776,2020-05-29,63,małopolskie
777,2020-05-30,59,małopolskie
778,2020-05-31,59,małopolskie
779,2020-06-01,56,małopolskie
780,2020-06-02,67,małopolskie
781,2020-06-03,56,małopolskie
782,2020-06-04,58,małopolskie
783,2020-06-05,60,małopolskie
784,2020-06-06,67,małopolskie
785,2020-06-07,72,małopolskie
786,2020-06-08,68,małopolskie
787,2020-06-09,73,małopolskie
788,2020-06-10,83,małopolskie
789,2020-06-11,83,małopolskie
790,2020-06-12,94,małopolskie
791,2020-06-13,97,małopolskie
792,2020-06-14,98,małopolskie
793,2020-06-15,98,małopolskie
794,2020-06-16,98,małopolskie
795,2020-06-17,95,małopolskie
796,2020-06-18,102,małopolskie
797,2020-06-19,106,małopolskie
798,2020-06-20,107,małopolskie
799,2020-06-21,107,małopolskie
800,2020-06-22,109,małopolskie
801,2020-06-23,119,małopolskie
802,2020-06-24,113,małopolskie
803,2020-06-25,100,małopolskie
804,2020-06-26,96,małopolskie
805,2020-06-27,93,małopolskie
806,2020-06-28,89,małopolskie
807,2020-06-29,93,małopolskie
808,2020-06-30,103,małopolskie
809,2020-07-01,110,małopolskie
810,2020-07-02,117,małopolskie
811,2020-07-03,117,małopolskie
812,2020-07-04,111,małopolskie
813,2020-07-05,103,małopolskie
814,2020-07-06,105,małopolskie
815,2020-07-07,110,małopolskie
816,2020-07-08,114,małopolskie
817,2020-07-09,119,małopolskie
818,2020-07-10,103,małopolskie
819,2020-07-11,98,małopolskie
820,2020-07-12,103,małopolskie
821,2020-07-13,106,małopolskie
822,2020-07-14,116,małopolskie
823,2020-07-15,124,małopolskie
824,2020-07-16,127,małopolskie
825,2020-07-17,125,małopolskie
826,2020-07-18,126,małopolskie
827,2020-07-19,143,małopolskie
828,2020-07-20,146,małopolskie
829,2020-07-21,152,małopolskie
830,2020-07-22,155,małopolskie
831,2020-07-23,168,małopolskie
832,2020-07-24,170,małopolskie
833,2020-07-25,164,małopolskie
834,2020-07-26,169,małopolskie
835,2020-07-27,169,małopolskie
836,2020-07-28,168,małopolskie
837,2020-07-29,172,małopolskie
838,2020-07-30,175,małopolskie
839,2020-07-31,178,małopolskie
840,2020-08-01,188,małopolskie
841,2020-08-02,203,małopolskie
842,2020-08-03,212,małopolskie
843,2020-03-12,75,mazowieckie
844,2020-03-13,112,mazowieckie
845,2020-03-14,137,mazowieckie
846,2020-03-15,195,mazowieckie
847,2020-03-16,222,mazowieckie
848,2020-03-17,275,mazowieckie
849,2020-03-18,301,mazowieckie
850,2020-03-19,289,mazowieckie
851,2020-03-20,301,mazowieckie
852,2020-03-21,406,mazowieckie
853,2020-03-22,417,mazowieckie
854,2020-03-23,447,mazowieckie
855,2020-03-24,510,mazowieckie
856,2020-03-26,661,mazowieckie
857,2020-03-27,676,mazowieckie
858,2020-03-28,695,mazowieckie
859,2020-03-29,725,mazowieckie
860,2020-03-30,735,mazowieckie
861,2020-03-31,744,mazowieckie
862,2020-04-01,760,mazowieckie
863,2020-04-02,799,mazowieckie
864,2020-04-03,827,mazowieckie
865,2020-04-04,856,mazowieckie
866,2020-04-05,861,mazowieckie
867,2020-04-06,860,mazowieckie
868,2020-04-07,884,mazowieckie
869,2020-04-08,699,mazowieckie
870,2020-04-09,649,mazowieckie
871,2020-04-10,642,mazowieckie
872,2020-04-11,659,mazowieckie
873,2020-04-12,663,mazowieckie
874,2020-04-13,622,mazowieckie
875,2020-04-14,644,mazowieckie
876,2020-04-15,732,mazowieckie
877,2020-04-16,764,mazowieckie
878,2020-04-17,765,mazowieckie
879,2020-04-18,777,mazowieckie
880,2020-04-19,787,mazowieckie
881,2020-04-20,831,mazowieckie
882,2020-04-21,897,mazowieckie
883,2020-04-22,910,mazowieckie
884,2020-04-23,912,mazowieckie
885,2020-04-24,554,mazowieckie
886,2020-04-25,492,mazowieckie
887,2020-04-26,470,mazowieckie
888,2020-04-27,663,mazowieckie
889,2020-04-28,684,mazowieckie
890,2020-04-29,698,mazowieckie
891,2020-04-30,511,mazowieckie
892,2020-05-01,453,mazowieckie
893,2020-05-02,465,mazowieckie
894,2020-05-03,378,mazowieckie
895,2020-05-04,444,mazowieckie
896,2020-05-05,491,mazowieckie
897,2020-05-06,476,mazowieckie
898,2020-05-07,514,mazowieckie
899,2020-05-08,532,mazowieckie
900,2020-05-09,473,mazowieckie
901,2020-05-10,434,mazowieckie
902,2020-05-11,443,mazowieckie
903,2020-05-12,554,mazowieckie
904,2020-05-13,549,mazowieckie
905,2020-05-14,546,mazowieckie
906,2020-05-15,406,mazowieckie
907,2020-05-16,490,mazowieckie
908,2020-05-17,549,mazowieckie
909,2020-05-18,526,mazowieckie
910,2020-05-19,599,mazowieckie
911,2020-05-20,564,mazowieckie
912,2020-05-21,516,mazowieckie
913,2020-05-22,556,mazowieckie
914,2020-05-23,535,mazowieckie
915,2020-05-24,566,mazowieckie
916,2020-05-25,551,mazowieckie
917,2020-05-26,633,mazowieckie
918,2020-05-27,580,mazowieckie
919,2020-05-28,630,mazowieckie
920,2020-05-29,591,mazowieckie
921,2020-05-30,559,mazowieckie
922,2020-05-31,583,mazowieckie
923,2020-06-01,603,mazowieckie
924,2020-06-02,592,mazowieckie
925,2020-06-03,551,mazowieckie
926,2020-06-04,537,mazowieckie
927,2020-06-05,629,mazowieckie
928,2020-06-06,551,mazowieckie
929,2020-06-07,575,mazowieckie
930,2020-06-08,605,mazowieckie
931,2020-06-09,568,mazowieckie
932,2020-06-10,552,mazowieckie
933,2020-06-11,494,mazowieckie
934,2020-06-12,473,mazowieckie
935,2020-06-13,545,mazowieckie
936,2020-06-14,530,mazowieckie
937,2020-06-15,492,mazowieckie
938,2020-06-16,665,mazowieckie
939,2020-06-17,513,mazowieckie
940,2020-06-18,459,mazowieckie
941,2020-06-19,457,mazowieckie
942,2020-06-20,478,mazowieckie
943,2020-06-21,542,mazowieckie
944,2020-06-22,593,mazowieckie
945,2020-06-23,601,mazowieckie
946,2020-06-24,587,mazowieckie
947,2020-06-25,538,mazowieckie
948,2020-06-26,570,mazowieckie
949,2020-06-27,552,mazowieckie
950,2020-06-28,487,mazowieckie
951,2020-06-29,525,mazowieckie
952,2020-06-30,496,mazowieckie
953,2020-07-01,563,mazowieckie
954,2020-07-02,469,mazowieckie
955,2020-07-03,391,mazowieckie
956,2020-07-04,296,mazowieckie
957,2020-07-05,336,mazowieckie
958,2020-07-06,475,mazowieckie
959,2020-07-07,511,mazowieckie
960,2020-07-08,474,mazowieckie
961,2020-07-09,526,mazowieckie
962,2020-07-10,449,mazowieckie
963,2020-07-11,471,mazowieckie
964,2020-07-12,435,mazowieckie
965,2020-07-13,480,mazowieckie
966,2020-07-14,490,mazowieckie
967,2020-07-15,478,mazowieckie
968,2020-07-16,440,mazowieckie
969,2020-07-17,540,mazowieckie
970,2020-07-18,429,mazowieckie
971,2020-07-19,403,mazowieckie
972,2020-07-20,404,mazowieckie
973,2020-07-21,468,mazowieckie
974,2020-07-22,479,mazowieckie
975,2020-07-23,473,mazowieckie
976,2020-07-24,510,mazowieckie
977,2020-07-25,514,mazowieckie
978,2020-07-26,393,mazowieckie
979,2020-07-27,444,mazowieckie
980,2020-07-28,479,mazowieckie
981,2020-07-29,494,mazowieckie
982,2020-07-30,524,mazowieckie
983,2020-07-31,524,mazowieckie
984,2020-08-01,497,mazowieckie
985,2020-08-02,501,mazowieckie
986,2020-03-09,3,opolskie
987,2020-03-11,9,opolskie
988,2020-03-13,18,opolskie
989,2020-03-14,12,opolskie
990,2020-03-17,18,opolskie
991,2020-03-18,18,opolskie
992,2020-03-19,20,opolskie
993,2020-03-22,28,opolskie
994,2020-03-23,20,opolskie
995,2020-03-25,32,opolskie
996,2020-03-26,27,opolskie
997,2020-03-27,30,opolskie
998,2020-03-28,33,opolskie
999,2020-03-29,34,opolskie
1000,2020-03-30,34,opolskie
1001,2020-03-31,41,opolskie
1002,2020-04-02,46,opolskie
1003,2020-04-03,71,opolskie
1004,2020-04-05,80,opolskie
1005,2020-04-06,59,opolskie
1006,2020-04-07,59,opolskie
1007,2020-04-08,65,opolskie
1008,2020-04-09,63,opolskie
1009,2020-04-10,70,opolskie
1010,2020-04-12,73,opolskie
1011,2020-04-13,80,opolskie
1012,2020-04-14,85,opolskie
1013,2020-04-15,80,opolskie
1014,2020-04-16,80,opolskie
1015,2020-04-17,84,opolskie
1016,2020-04-18,84,opolskie
1017,2020-04-19,87,opolskie
1018,2020-04-20,87,opolskie
1019,2020-04-21,95,opolskie
1020,2020-04-22,96,opolskie
1021,2020-04-23,97,opolskie
1022,2020-04-24,93,opolskie
1023,2020-04-25,98,opolskie
1024,2020-04-26,84,opolskie
1025,2020-04-27,80,opolskie
1026,2020-04-28,77,opolskie
1027,2020-04-29,82,opolskie
1028,2020-04-30,71,opolskie
1029,2020-05-03,83,opolskie
1030,2020-05-04,79,opolskie
1031,2020-05-05,75,opolskie
1032,2020-05-06,74,opolskie
1033,2020-05-07,75,opolskie
1034,2020-05-08,64,opolskie
1035,2020-05-09,67,opolskie
1036,2020-05-10,65,opolskie
1037,2020-05-11,61,opolskie
1038,2020-05-13,65,opolskie
1039,2020-05-15,67,opolskie
1040,2020-05-16,65,opolskie
1041,2020-05-17,65,opolskie
1042,2020-05-19,58,opolskie
1043,2020-05-21,61,opolskie
1044,2020-05-22,62,opolskie
1045,2020-05-23,58,opolskie
1046,2020-05-24,57,opolskie
1047,2020-05-25,55,opolskie
1048,2020-05-26,58,opolskie
1049,2020-05-27,61,opolskie
1050,2020-05-28,60,opolskie
1051,2020-06-02,56,opolskie
1052,2020-06-03,57,opolskie
1053,2020-06-04,48,opolskie
1054,2020-06-05,51,opolskie
1055,2020-06-06,49,opolskie
1056,2020-06-07,48,opolskie
1057,2020-06-08,48,opolskie
1058,2020-06-09,47,opolskie
1059,2020-06-10,45,opolskie
1060,2020-06-12,46,opolskie
1061,2020-06-13,51,opolskie
1062,2020-06-14,51,opolskie
1063,2020-06-15,55,opolskie
1064,2020-06-16,54,opolskie
1065,2020-06-17,53,opolskie
1066,2020-06-18,57,opolskie
1067,2020-06-19,58,opolskie
1068,2020-06-20,60,opolskie
1069,2020-06-21,58,opolskie
1070,2020-06-23,60,opolskie
1071,2020-06-24,60,opolskie
1072,2020-06-25,48,opolskie
1073,2020-06-26,46,opolskie
1074,2020-06-27,46,opolskie
1075,2020-06-28,44,opolskie
1076,2020-06-29,43,opolskie
1077,2020-06-30,43,opolskie
1078,2020-07-01,43,opolskie
1079,2020-07-02,38,opolskie
1080,2020-07-03,38,opolskie
1081,2020-07-18,27,opolskie
1082,2020-07-20,29,opolskie
1083,2020-07-21,29,opolskie
1084,2020-07-22,28,opolskie
1085,2020-07-24,30,opolskie
1086,2020-07-25,31,opolskie
1087,2020-07-27,32,opolskie
1088,2020-07-28,37,opolskie
1089,2020-07-29,38,opolskie
1090,2020-07-30,33,opolskie
1091,2020-07-31,31,opolskie
1092,2020-04-05,138,podkarpackie
1093,2020-04-06,145,podkarpackie
1094,2020-04-07,142,podkarpackie
1095,2020-04-08,146,podkarpackie
1096,2020-04-09,171,podkarpackie
1097,2020-04-10,177,podkarpackie
1098,2020-04-11,169,podkarpackie
1099,2020-04-12,152,podkarpackie
1100,2020-04-13,152,podkarpackie
1101,2020-04-14,158,podkarpackie
1102,2020-04-15,162,podkarpackie
1103,2020-04-16,160,podkarpackie
1104,2020-04-17,170,podkarpackie
1105,2020-04-18,176,podkarpackie
1106,2020-04-19,169,podkarpackie
1107,2020-04-20,158,podkarpackie
1108,2020-04-21,152,podkarpackie
1109,2020-04-22,154,podkarpackie
1110,2020-04-23,143,podkarpackie
1111,2020-04-24,144,podkarpackie
1112,2020-04-25,133,podkarpackie
1113,2020-04-26,148,podkarpackie
1114,2020-04-27,81,podkarpackie
1115,2020-04-28,77,podkarpackie
1116,2020-04-29,77,podkarpackie
1117,2020-04-30,72,podkarpackie
1118,2020-05-01,76,podkarpackie
1119,2020-05-02,78,podkarpackie
1120,2020-05-03,78,podkarpackie
1121,2020-05-04,80,podkarpackie
1122,2020-05-05,79,podkarpackie
1123,2020-05-06,66,podkarpackie
1124,2020-05-07,62,podkarpackie
1125,2020-05-08,62,podkarpackie
1126,2020-05-09,64,podkarpackie
1127,2020-05-10,63,podkarpackie
1128,2020-05-11,56,podkarpackie
1129,2020-05-12,54,podkarpackie
1130,2020-05-13,54,podkarpackie
1131,2020-05-14,47,podkarpackie
1132,2020-05-15,45,podkarpackie
1133,2020-05-16,37,podkarpackie
1134,2020-05-17,36,podkarpackie
1135,2020-05-18,30,podkarpackie
1136,2020-05-19,20,podkarpackie
1137,2020-05-20,19,podkarpackie
1138,2020-05-21,16,podkarpackie
1139,2020-05-22,15,podkarpackie
1140,2020-05-23,14,podkarpackie
1141,2020-05-24,16,podkarpackie
1142,2020-05-25,17,podkarpackie
1143,2020-05-26,15,podkarpackie
1144,2020-05-27,13,podkarpackie
1145,2020-05-28,15,podkarpackie
1146,2020-05-29,15,podkarpackie
1147,2020-05-30,12,podkarpackie
1148,2020-05-31,17,podkarpackie
1149,2020-06-01,16,podkarpackie
1150,2020-06-02,16,podkarpackie
1151,2020-06-03,14,podkarpackie
1152,2020-06-04,10,podkarpackie
1153,2020-06-06,9,podkarpackie
1154,2020-06-07,10,podkarpackie
1155,2020-06-08,10,podkarpackie
1156,2020-06-09,11,podkarpackie
1157,2020-06-10,16,podkarpackie
1158,2020-06-11,16,podkarpackie
1159,2020-06-12,18,podkarpackie
1160,2020-06-13,27,podkarpackie
1161,2020-06-14,40,podkarpackie
1162,2020-06-15,46,podkarpackie
1163,2020-06-16,53,podkarpackie
1164,2020-06-17,59,podkarpackie
1165,2020-06-18,63,podkarpackie
1166,2020-06-19,69,podkarpackie
1167,2020-06-20,75,podkarpackie
1168,2020-06-21,82,podkarpackie
1169,2020-06-22,85,podkarpackie
1170,2020-06-23,101,podkarpackie
1171,2020-06-24,93,podkarpackie
1172,2020-06-25,97,podkarpackie
1173,2020-06-26,100,podkarpackie
1174,2020-06-27,100,podkarpackie
1175,2020-06-28,105,podkarpackie
1176,2020-06-29,107,podkarpackie
1177,2020-06-30,109,podkarpackie
1178,2020-07-01,103,podkarpackie
1179,2020-07-02,91,podkarpackie
1180,2020-07-03,90,podkarpackie
1181,2020-07-04,98,podkarpackie
1182,2020-07-05,92,podkarpackie
1183,2020-07-06,92,podkarpackie
1184,2020-07-07,93,podkarpackie
1185,2020-07-08,94,podkarpackie
1186,2020-07-09,93,podkarpackie
1187,2020-07-10,93,podkarpackie
1188,2020-07-11,95,podkarpackie
1189,2020-07-12,96,podkarpackie
1190,2020-07-13,100,podkarpackie
1191,2020-07-14,101,podkarpackie
1192,2020-07-15,99,podkarpackie
1193,2020-07-16,98,podkarpackie
1194,2020-07-17,98,podkarpackie
1195,2020-07-18,99,podkarpackie
1196,2020-07-19,100,podkarpackie
1197,2020-07-20,96,podkarpackie
1198,2020-07-21,95,podkarpackie
1199,2020-07-22,93,podkarpackie
1200,2020-07-23,97,podkarpackie
1201,2020-07-24,92,podkarpackie
1202,2020-07-26,86,podkarpackie
1203,2020-07-27,84,podkarpackie
1204,2020-07-28,84,podkarpackie
1205,2020-07-29,79,podkarpackie
1206,2020-07-30,83,podkarpackie
1207,2020-07-31,89,podkarpackie
1208,2020-08-01,98,podkarpackie
1209,2020-08-02,98,podkarpackie
1210,2020-08-03,109,podkarpackie
1211,2020-03-12,2,podlaskie
1212,2020-03-13,4,podlaskie
1213,2020-03-14,5,podlaskie
1214,2020-03-15,10,podlaskie
1215,2020-03-16,11,podlaskie
1216,2020-03-17,4,podlaskie
1217,2020-03-18,7,podlaskie
1218,2020-03-19,6,podlaskie
1219,2020-03-20,7,podlaskie
1220,2020-03-21,12,podlaskie
1221,2020-03-22,14,podlaskie
1222,2020-03-23,14,podlaskie
1223,2020-03-24,14,podlaskie
1224,2020-03-25,17,podlaskie
1225,2020-03-26,17,podlaskie
1226,2020-03-27,17,podlaskie
1227,2020-03-28,18,podlaskie
1228,2020-03-29,23,podlaskie
1229,2020-03-30,22,podlaskie
1230,2020-03-31,19,podlaskie
1231,2020-04-01,22,podlaskie
1232,2020-04-03,25,podlaskie
1233,2020-04-04,30,podlaskie
1234,2020-04-05,33,podlaskie
1235,2020-04-06,35,podlaskie
1236,2020-04-07,39,podlaskie
1237,2020-04-08,48,podlaskie
1238,2020-04-09,53,podlaskie
1239,2020-04-10,63,podlaskie
1240,2020-04-11,62,podlaskie
1241,2020-04-12,67,podlaskie
1242,2020-04-13,74,podlaskie
1243,2020-04-14,73,podlaskie
1244,2020-04-15,72,podlaskie
1245,2020-04-16,68,podlaskie
1246,2020-04-17,71,podlaskie
1247,2020-04-18,91,podlaskie
1248,2020-04-19,89,podlaskie
1249,2020-04-20,94,podlaskie
1250,2020-04-21,94,podlaskie
1251,2020-04-22,92,podlaskie
1252,2020-04-23,96,podlaskie
1253,2020-04-24,96,podlaskie
1254,2020-04-25,93,podlaskie
1255,2020-04-26,87,podlaskie
1256,2020-04-27,84,podlaskie
1257,2020-04-28,86,podlaskie
1258,2020-04-29,84,podlaskie
1259,2020-04-30,79,podlaskie
1260,2020-05-01,77,podlaskie
1261,2020-05-02,81,podlaskie
1262,2020-05-03,88,podlaskie
1263,2020-05-04,89,podlaskie
1264,2020-05-05,93,podlaskie
1265,2020-05-06,91,podlaskie
1266,2020-05-07,90,podlaskie
1267,2020-05-08,90,podlaskie
1268,2020-05-09,89,podlaskie
1269,2020-05-10,94,podlaskie
1270,2020-05-11,87,podlaskie
1271,2020-05-12,84,podlaskie
1272,2020-05-13,80,podlaskie
1273,2020-05-14,77,podlaskie
1274,2020-05-15,78,podlaskie
1275,2020-05-16,82,podlaskie
1276,2020-05-17,85,podlaskie
1277,2020-05-18,83,podlaskie
1278,2020-05-19,76,podlaskie
1279,2020-05-20,73,podlaskie
1280,2020-05-21,76,podlaskie
1281,2020-05-22,79,podlaskie
1282,2020-05-23,78,podlaskie
1283,2020-05-24,76,podlaskie
1284,2020-05-25,75,podlaskie
1285,2020-05-26,67,podlaskie
1286,2020-05-27,67,podlaskie
1287,2020-05-28,65,podlaskie
1288,2020-05-29,66,podlaskie
1289,2020-05-30,68,podlaskie
1290,2020-05-31,75,podlaskie
1291,2020-06-01,82,podlaskie
1292,2020-06-02,75,podlaskie
1293,2020-06-03,77,podlaskie
1294,2020-06-04,71,podlaskie
1295,2020-06-05,70,podlaskie
1296,2020-06-06,70,podlaskie
1297,2020-06-07,70,podlaskie
1298,2020-06-08,65,podlaskie
1299,2020-06-09,62,podlaskie
1300,2020-06-10,68,podlaskie
1301,2020-06-11,69,podlaskie
1302,2020-06-12,74,podlaskie
1303,2020-06-13,78,podlaskie
1304,2020-06-14,86,podlaskie
1305,2020-06-15,80,podlaskie
1306,2020-06-16,88,podlaskie
1307,2020-06-17,91,podlaskie
1308,2020-06-18,87,podlaskie
1309,2020-06-19,93,podlaskie
1310,2020-06-20,91,podlaskie
1311,2020-06-21,98,podlaskie
1312,2020-06-22,97,podlaskie
1313,2020-06-23,97,podlaskie
1314,2020-06-24,102,podlaskie
1315,2020-06-25,102,podlaskie
1316,2020-06-26,83,podlaskie
1317,2020-06-27,74,podlaskie
1318,2020-06-28,76,podlaskie
1319,2020-06-29,77,podlaskie
1320,2020-06-30,77,podlaskie
1321,2020-07-01,87,podlaskie
1322,2020-07-02,96,podlaskie
1323,2020-07-03,95,podlaskie
1324,2020-07-04,101,podlaskie
1325,2020-07-05,105,podlaskie
1326,2020-07-06,105,podlaskie
1327,2020-07-07,81,podlaskie
1328,2020-07-08,62,podlaskie
1329,2020-07-09,55,podlaskie
1330,2020-07-10,45,podlaskie
1331,2020-07-11,47,podlaskie
1332,2020-07-12,46,podlaskie
1333,2020-07-13,42,podlaskie
1334,2020-07-14,38,podlaskie
1335,2020-07-15,46,podlaskie
1336,2020-07-16,46,podlaskie
1337,2020-07-17,28,podlaskie
1338,2020-07-18,29,podlaskie
1339,2020-07-19,26,podlaskie
1340,2020-07-20,26,podlaskie
1341,2020-07-21,28,podlaskie
1342,2020-07-22,31,podlaskie
1343,2020-07-23,31,podlaskie
1344,2020-07-24,32,podlaskie
1345,2020-07-25,33,podlaskie
1346,2020-07-26,37,podlaskie
1347,2020-07-27,39,podlaskie
1348,2020-07-28,51,podlaskie
1349,2020-07-29,51,podlaskie
1350,2020-07-30,57,podlaskie
1351,2020-07-31,64,podlaskie
1352,2020-08-01,65,podlaskie
1353,2020-08-02,72,podlaskie
1354,2020-03-11,9,pomorskie
1355,2020-03-12,10,pomorskie
1356,2020-03-13,5,pomorskie
1357,2020-03-14,12,pomorskie
1358,2020-03-15,17,pomorskie
1359,2020-03-16,18,pomorskie
1360,2020-03-17,11,pomorskie
1361,2020-03-18,13,pomorskie
1362,2020-03-19,17,pomorskie
1363,2020-03-20,32,pomorskie
1364,2020-03-21,27,pomorskie
1365,2020-03-22,24,pomorskie
1366,2020-03-23,22,pomorskie
1367,2020-03-24,33,pomorskie
1368,2020-03-25,42,pomorskie
1369,2020-03-26,37,pomorskie
1370,2020-03-27,58,pomorskie
1371,2020-03-28,60,pomorskie
1372,2020-03-29,38,pomorskie
1373,2020-03-30,60,pomorskie
1374,2020-03-31,45,pomorskie
1375,2020-04-01,41,pomorskie
1376,2020-04-02,9,pomorskie
1377,2020-04-03,24,pomorskie
1378,2020-04-04,13,pomorskie
1379,2020-04-05,15,pomorskie
1380,2020-04-06,14,pomorskie
1381,2020-04-07,16,pomorskie
1382,2020-04-08,14,pomorskie
1383,2020-04-09,17,pomorskie
1384,2020-04-10,16,pomorskie
1385,2020-04-11,16,pomorskie
1386,2020-04-12,17,pomorskie
1387,2020-04-13,16,pomorskie
1388,2020-04-14,16,pomorskie
1389,2020-04-15,17,pomorskie
1390,2020-04-16,17,pomorskie
1391,2020-04-17,17,pomorskie
1392,2020-04-18,30,pomorskie
1393,2020-04-19,30,pomorskie
1394,2020-04-20,32,pomorskie
1395,2020-04-21,33,pomorskie
1396,2020-04-22,33,pomorskie
1397,2020-04-23,39,pomorskie
1398,2020-04-24,43,pomorskie
1399,2020-04-25,48,pomorskie
1400,2020-04-26,61,pomorskie
1401,2020-04-27,74,pomorskie
1402,2020-04-28,94,pomorskie
1403,2020-04-29,113,pomorskie
1404,2020-04-30,117,pomorskie
1405,2020-05-01,117,pomorskie
1406,2020-05-02,176,pomorskie
1407,2020-05-03,112,pomorskie
1408,2020-05-04,109,pomorskie
1409,2020-05-05,108,pomorskie
1410,2020-05-06,112,pomorskie
1411,2020-05-07,112,pomorskie
1412,2020-05-08,116,pomorskie
1413,2020-05-09,110,pomorskie
1414,2020-05-10,108,pomorskie
1415,2020-05-11,107,pomorskie
1416,2020-05-12,106,pomorskie
1417,2020-05-13,104,pomorskie
1418,2020-05-14,97,pomorskie
1419,2020-05-15,91,pomorskie
1420,2020-05-16,90,pomorskie
1421,2020-05-17,89,pomorskie
1422,2020-05-18,87,pomorskie
1423,2020-05-19,81,pomorskie
1424,2020-05-20,76,pomorskie
1425,2020-05-21,71,pomorskie
1426,2020-05-22,66,pomorskie
1427,2020-05-23,61,pomorskie
1428,2020-05-24,60,pomorskie
1429,2020-05-25,55,pomorskie
1430,2020-05-26,49,pomorskie
1431,2020-05-27,49,pomorskie
1432,2020-05-28,46,pomorskie
1433,2020-05-29,45,pomorskie
1434,2020-05-30,42,pomorskie
1435,2020-05-31,40,pomorskie
1436,2020-06-01,40,pomorskie
1437,2020-06-02,40,pomorskie
1438,2020-06-03,34,pomorskie
1439,2020-06-04,32,pomorskie
1440,2020-06-05,27,pomorskie
1441,2020-06-06,25,pomorskie
1442,2020-06-07,25,pomorskie
1443,2020-06-08,22,pomorskie
1444,2020-06-09,19,pomorskie
1445,2020-06-10,16,pomorskie
1446,2020-06-11,15,pomorskie
1447,2020-06-12,15,pomorskie
1448,2020-06-13,15,pomorskie
1449,2020-06-14,15,pomorskie
1450,2020-06-15,11,pomorskie
1451,2020-06-16,13,pomorskie
1452,2020-06-17,13,pomorskie
1453,2020-06-18,10,pomorskie
1454,2020-06-19,10,pomorskie
1455,2020-06-20,11,pomorskie
1456,2020-06-21,13,pomorskie
1457,2020-06-22,13,pomorskie
1458,2020-06-23,17,pomorskie
1459,2020-06-24,17,pomorskie
1460,2020-06-25,16,pomorskie
1461,2020-06-26,17,pomorskie
1462,2020-06-27,17,pomorskie
1463,2020-06-28,17,pomorskie
1464,2020-06-29,18,pomorskie
1465,2020-06-30,18,pomorskie
1466,2020-07-01,18,pomorskie
1467,2020-07-02,18,pomorskie
1468,2020-07-03,18,pomorskie
1469,2020-07-04,17,pomorskie
1470,2020-07-05,17,pomorskie
1471,2020-07-06,17,pomorskie
1472,2020-07-07,15,pomorskie
1473,2020-07-08,16,pomorskie
1474,2020-07-09,16,pomorskie
1475,2020-07-10,16,pomorskie
1476,2020-07-11,18,pomorskie
1477,2020-07-12,16,pomorskie
1478,2020-07-13,16,pomorskie
1479,2020-07-14,15,pomorskie
1480,2020-07-15,15,pomorskie
1481,2020-07-16,15,pomorskie
1482,2020-07-17,16,pomorskie
1483,2020-07-18,14,pomorskie
1484,2020-07-19,13,pomorskie
1485,2020-07-20,14,pomorskie
1486,2020-07-21,18,pomorskie
1487,2020-07-22,17,pomorskie
1488,2020-07-23,20,pomorskie
1489,2020-07-24,20,pomorskie
1490,2020-07-25,22,pomorskie
1491,2020-07-26,25,pomorskie
1492,2020-07-27,24,pomorskie
1493,2020-07-28,25,pomorskie
1494,2020-07-29,29,pomorskie
1495,2020-07-30,28,pomorskie
1496,2020-07-31,27,pomorskie
1497,2020-08-01,28,pomorskie
1498,2020-08-02,28,pomorskie
1499,2020-03-14,45,śląskie
1500,2020-03-15,63,śląskie
1501,2020-03-16,59,śląskie
1502,2020-03-17,55,śląskie
1503,2020-03-18,54,śląskie
1504,2020-03-19,63,śląskie
1505,2020-03-20,63,śląskie
1506,2020-03-21,75,śląskie
1507,2020-03-22,93,śląskie
1508,2020-03-23,107,śląskie
1509,2020-03-24,113,śląskie
1510,2020-03-25,111,śląskie
1511,2020-03-26,106,śląskie
1512,2020-03-27,127,śląskie
1513,2020-03-28,123,śląskie
1514,2020-03-29,142,śląskie
1515,2020-03-30,168,śląskie
1516,2020-03-31,162,śląskie
1517,2020-04-01,162,śląskie
1518,2020-04-02,205,śląskie
1519,2020-04-03,231,śląskie
1520,2020-04-04,205,śląskie
1521,2020-04-05,223,śląskie
1522,2020-04-06,217,śląskie
1523,2020-04-07,209,śląskie
1524,2020-04-08,226,śląskie
1525,2020-04-09,200,śląskie
1526,2020-04-10,199,śląskie
1527,2020-04-11,206,śląskie
1528,2020-04-12,217,śląskie
1529,2020-04-13,229,śląskie
1530,2020-04-14,238,śląskie
1531,2020-04-15,269,śląskie
1532,2020-04-16,291,śląskie
1533,2020-04-17,281,śląskie
1534,2020-04-18,277,śląskie
1535,2020-04-19,276,śląskie
1536,2020-04-20,316,śląskie
1537,2020-04-21,333,śląskie
1538,2020-04-22,360,śląskie
1539,2020-04-23,331,śląskie
1540,2020-04-24,346,śląskie
1541,2020-04-25,345,śląskie
1542,2020-04-26,343,śląskie
1543,2020-04-27,358,śląskie
1544,2020-04-28,373,śląskie
1545,2020-04-29,393,śląskie
1546,2020-04-30,393,śląskie
1547,2020-05-01,393,śląskie
1548,2020-05-02,377,śląskie
1549,2020-05-03,384,śląskie
1550,2020-05-04,438,śląskie
1551,2020-05-05,435,śląskie
1552,2020-05-06,440,śląskie
1553,2020-05-07,439,śląskie
1554,2020-05-08,429,śląskie
1555,2020-05-09,411,śląskie
1556,2020-05-10,411,śląskie
1557,2020-05-11,416,śląskie
1558,2020-05-12,401,śląskie
1559,2020-05-13,397,śląskie
1560,2020-05-14,396,śląskie
1561,2020-05-15,402,śląskie
1562,2020-05-16,400,śląskie
1563,2020-05-17,401,śląskie
1564,2020-05-18,391,śląskie
1565,2020-05-19,385,śląskie
1566,2020-05-20,396,śląskie
1567,2020-05-21,374,śląskie
1568,2020-05-22,379,śląskie
1569,2020-05-23,386,śląskie
1570,2020-05-24,378,śląskie
1571,2020-05-25,371,śląskie
1572,2020-05-26,356,śląskie
1573,2020-05-27,346,śląskie
1574,2020-05-28,346,śląskie
1575,2020-05-29,326,śląskie
1576,2020-05-30,324,śląskie
1577,2020-05-31,335,śląskie
1578,2020-06-01,341,śląskie
1579,2020-06-02,335,śląskie
1580,2020-06-03,344,śląskie
1581,2020-06-04,326,śląskie
1582,2020-06-05,322,śląskie
1583,2020-06-06,310,śląskie
1584,2020-06-07,317,śląskie
1585,2020-06-08,319,śląskie
1586,2020-06-09,313,śląskie
1587,2020-06-10,317,śląskie
1588,2020-06-11,317,śląskie
1589,2020-06-12,322,śląskie
1590,2020-06-13,320,śląskie
1591,2020-06-14,320,śląskie
1592,2020-06-15,321,śląskie
1593,2020-06-16,318,śląskie
1594,2020-06-17,313,śląskie
1595,2020-06-18,314,śląskie
1596,2020-06-19,335,śląskie
1597,2020-06-20,357,śląskie
1598,2020-06-21,365,śląskie
1599,2020-06-22,375,śląskie
1600,2020-06-23,372,śląskie
1601,2020-06-24,375,śląskie
1602,2020-06-25,366,śląskie
1603,2020-06-26,362,śląskie
1604,2020-06-27,365,śląskie
1605,2020-06-28,361,śląskie
1606,2020-06-29,374,śląskie
1607,2020-06-30,375,śląskie
1608,2020-07-01,340,śląskie
1609,2020-07-02,371,śląskie
1610,2020-07-03,362,śląskie
1611,2020-07-04,356,śląskie
1612,2020-07-05,351,śląskie
1613,2020-07-06,352,śląskie
1614,2020-07-07,345,śląskie
1615,2020-07-08,340,śląskie
1616,2020-07-09,332,śląskie
1617,2020-07-10,328,śląskie
1618,2020-07-11,290,śląskie
1619,2020-07-12,290,śląskie
1620,2020-07-13,274,śląskie
1621,2020-07-14,235,śląskie
1622,2020-07-15,204,śląskie
1623,2020-07-16,235,śląskie
1624,2020-07-17,237,śląskie
1625,2020-07-18,232,śląskie
1626,2020-07-19,226,śląskie
1627,2020-07-20,220,śląskie
1628,2020-07-21,221,śląskie
1629,2020-07-22,215,śląskie
1630,2020-07-23,227,śląskie
1631,2020-07-24,198,śląskie
1632,2020-07-26,195,śląskie
1633,2020-07-27,203,śląskie
1634,2020-07-28,203,śląskie
1635,2020-07-29,207,śląskie
1636,2020-07-30,213,śląskie
1637,2020-07-31,213,śląskie
1638,2020-08-01,222,śląskie
1639,2020-08-02,240,śląskie
1640,2020-08-03,232,śląskie
1641,2020-04-06,66,świętokrzyskie
1642,2020-04-09,70,świętokrzyskie
1643,2020-04-10,65,świętokrzyskie
1644,2020-04-11,59,świętokrzyskie
1645,2020-04-12,63,świętokrzyskie
1646,2020-04-13,51,świętokrzyskie
1647,2020-04-14,51,świętokrzyskie
1648,2020-04-15,48,świętokrzyskie
1649,2020-04-16,56,świętokrzyskie
1650,2020-04-17,58,świętokrzyskie
1651,2020-04-18,59,świętokrzyskie
1652,2020-04-19,65,świętokrzyskie
1653,2020-04-20,67,świętokrzyskie
1654,2020-04-21,64,świętokrzyskie
1655,2020-04-22,66,świętokrzyskie
1656,2020-04-23,68,świętokrzyskie
1657,2020-04-24,67,świętokrzyskie
1658,2020-04-25,69,świętokrzyskie
1659,2020-04-26,71,świętokrzyskie
1660,2020-04-27,64,świętokrzyskie
1661,2020-04-28,68,świętokrzyskie
1662,2020-04-29,68,świętokrzyskie
1663,2020-04-30,69,świętokrzyskie
1664,2020-05-01,70,świętokrzyskie
1665,2020-05-02,68,świętokrzyskie
1666,2020-05-03,69,świętokrzyskie
1667,2020-05-04,72,świętokrzyskie
1668,2020-05-05,85,świętokrzyskie
1669,2020-05-06,79,świętokrzyskie
1670,2020-05-07,81,świętokrzyskie
1671,2020-05-08,83,świętokrzyskie
1672,2020-05-10,92,świętokrzyskie
1673,2020-05-11,89,świętokrzyskie
1674,2020-05-12,88,świętokrzyskie
1675,2020-05-13,91,świętokrzyskie
1676,2020-05-14,91,świętokrzyskie
1677,2020-05-15,91,świętokrzyskie
1678,2020-05-16,92,świętokrzyskie
1679,2020-05-17,94,świętokrzyskie
1680,2020-05-18,92,świętokrzyskie
1681,2020-05-20,90,świętokrzyskie
1682,2020-05-21,85,świętokrzyskie
1683,2020-05-22,88,świętokrzyskie
1684,2020-05-23,87,świętokrzyskie
1685,2020-05-24,84,świętokrzyskie
1686,2020-05-25,89,świętokrzyskie
1687,2020-05-26,89,świętokrzyskie
1688,2020-05-27,92,świętokrzyskie
1689,2020-05-28,86,świętokrzyskie
1690,2020-05-29,88,świętokrzyskie
1691,2020-05-30,87,świętokrzyskie
1692,2020-05-31,89,świętokrzyskie
1693,2020-06-01,95,świętokrzyskie
1694,2020-06-02,97,świętokrzyskie
1695,2020-06-03,96,świętokrzyskie
1696,2020-06-04,94,świętokrzyskie
1697,2020-06-05,91,świętokrzyskie
1698,2020-06-06,90,świętokrzyskie
1699,2020-06-07,88,świętokrzyskie
1700,2020-06-08,84,świętokrzyskie
1701,2020-06-09,76,świętokrzyskie
1702,2020-06-10,75,świętokrzyskie
1703,2020-06-11,75,świętokrzyskie
1704,2020-06-12,72,świętokrzyskie
1705,2020-06-13,69,świętokrzyskie
1706,2020-06-14,69,świętokrzyskie
1707,2020-06-15,69,świętokrzyskie
1708,2020-06-16,57,świętokrzyskie
1709,2020-06-17,57,świętokrzyskie
1710,2020-06-18,56,świętokrzyskie
1711,2020-06-19,56,świętokrzyskie
1712,2020-06-20,57,świętokrzyskie
1713,2020-06-21,57,świętokrzyskie
1714,2020-06-22,65,świętokrzyskie
1715,2020-06-23,64,świętokrzyskie
1716,2020-06-24,71,świętokrzyskie
1717,2020-06-25,78,świętokrzyskie
1718,2020-06-26,79,świętokrzyskie
1719,2020-06-27,79,świętokrzyskie
1720,2020-06-28,82,świętokrzyskie
1721,2020-06-29,84,świętokrzyskie
1722,2020-06-30,84,świętokrzyskie
1723,2020-07-01,81,świętokrzyskie
1724,2020-07-02,78,świętokrzyskie
1725,2020-07-03,73,świętokrzyskie
1726,2020-07-04,72,świętokrzyskie
1727,2020-07-05,71,świętokrzyskie
1728,2020-07-06,67,świętokrzyskie
1729,2020-07-07,67,świętokrzyskie
1730,2020-07-08,63,świętokrzyskie
1731,2020-07-09,63,świętokrzyskie
1732,2020-07-10,66,świętokrzyskie
1733,2020-07-11,66,świętokrzyskie
1734,2020-07-12,69,świętokrzyskie
1735,2020-07-13,68,świętokrzyskie
1736,2020-07-14,64,świętokrzyskie
1737,2020-07-15,66,świętokrzyskie
1738,2020-07-16,56,świętokrzyskie
1739,2020-07-17,56,świętokrzyskie
1740,2020-07-18,60,świętokrzyskie
1741,2020-07-19,57,świętokrzyskie
1742,2020-07-20,57,świętokrzyskie
1743,2020-07-21,54,świętokrzyskie
1744,2020-07-22,56,świętokrzyskie
1745,2020-07-23,49,świętokrzyskie
1746,2020-07-24,52,świętokrzyskie
1747,2020-07-26,48,świętokrzyskie
1748,2020-07-27,48,świętokrzyskie
1749,2020-07-28,39,świętokrzyskie
1750,2020-07-29,39,świętokrzyskie
1751,2020-07-30,36,świętokrzyskie
1752,2020-07-31,34,świętokrzyskie
1753,2020-08-01,33,świętokrzyskie
1754,2020-08-02,34,świętokrzyskie
1755,2020-03-05,5,warmińsko-mazurskie
1756,2020-03-06,6,warmińsko-mazurskie
1757,2020-03-07,12,warmińsko-mazurskie
1758,2020-03-08,11,warmińsko-mazurskie
1759,2020-03-09,10,warmińsko-mazurskie
1760,2020-03-10,16,warmińsko-mazurskie
1761,2020-03-11,24,warmińsko-mazurskie
1762,2020-03-12,32,warmińsko-mazurskie
1763,2020-03-13,24,warmińsko-mazurskie
1764,2020-03-14,47,warmińsko-mazurskie
1765,2020-03-15,58,warmińsko-mazurskie
1766,2020-03-16,61,warmińsko-mazurskie
1767,2020-03-17,57,warmińsko-mazurskie
1768,2020-03-18,72,warmińsko-mazurskie
1769,2020-03-19,72,warmińsko-mazurskie
1770,2020-03-20,74,warmińsko-mazurskie
1771,2020-03-21,78,warmińsko-mazurskie
1772,2020-03-22,72,warmińsko-mazurskie
1773,2020-03-23,73,warmińsko-mazurskie
1774,2020-03-24,63,warmińsko-mazurskie
1775,2020-03-25,50,warmińsko-mazurskie
1776,2020-03-26,48,warmińsko-mazurskie
1777,2020-03-27,50,warmińsko-mazurskie
1778,2020-03-28,47,warmińsko-mazurskie
1779,2020-03-29,50,warmińsko-mazurskie
1780,2020-03-30,48,warmińsko-mazurskie
1781,2020-03-31,48,warmińsko-mazurskie
1782,2020-04-01,55,warmińsko-mazurskie
1783,2020-04-02,57,warmińsko-mazurskie
1784,2020-04-03,54,warmińsko-mazurskie
1785,2020-04-04,47,warmińsko-mazurskie
1786,2020-04-05,48,warmińsko-mazurskie
1787,2020-04-06,46,warmińsko-mazurskie
1788,2020-04-07,58,warmińsko-mazurskie
1789,2020-04-08,56,warmińsko-mazurskie
1790,2020-04-09,65,warmińsko-mazurskie
1791,2020-04-10,66,warmińsko-mazurskie
1792,2020-04-11,65,warmińsko-mazurskie
1793,2020-04-12,65,warmińsko-mazurskie
1794,2020-04-13,64,warmińsko-mazurskie
1795,2020-04-14,68,warmińsko-mazurskie
1796,2020-04-15,67,warmińsko-mazurskie
1797,2020-04-16,65,warmińsko-mazurskie
1798,2020-04-17,50,warmińsko-mazurskie
1799,2020-04-18,55,warmińsko-mazurskie
1800,2020-04-19,54,warmińsko-mazurskie
1801,2020-04-20,45,warmińsko-mazurskie
1802,2020-04-21,45,warmińsko-mazurskie
1803,2020-04-22,47,warmińsko-mazurskie
1804,2020-04-23,43,warmińsko-mazurskie
1805,2020-04-24,49,warmińsko-mazurskie
1806,2020-04-25,46,warmińsko-mazurskie
1807,2020-04-26,47,warmińsko-mazurskie
1808,2020-04-27,39,warmińsko-mazurskie
1809,2020-04-28,31,warmińsko-mazurskie
1810,2020-04-29,37,warmińsko-mazurskie
1811,2020-04-30,34,warmińsko-mazurskie
1812,2020-05-01,34,warmińsko-mazurskie
1813,2020-05-02,33,warmińsko-mazurskie
1814,2020-05-03,29,warmińsko-mazurskie
1815,2020-05-04,28,warmińsko-mazurskie
1816,2020-05-05,27,warmińsko-mazurskie
1817,2020-05-06,27,warmińsko-mazurskie
1818,2020-05-07,28,warmińsko-mazurskie
1819,2020-05-08,26,warmińsko-mazurskie
1820,2020-05-09,27,warmińsko-mazurskie
1821,2020-05-10,28,warmińsko-mazurskie
1822,2020-05-11,26,warmińsko-mazurskie
1823,2020-05-12,26,warmińsko-mazurskie
1824,2020-05-13,33,warmińsko-mazurskie
1825,2020-05-14,32,warmińsko-mazurskie
1826,2020-05-15,32,warmińsko-mazurskie
1827,2020-05-16,32,warmińsko-mazurskie
1828,2020-05-17,32,warmińsko-mazurskie
1829,2020-05-18,32,warmińsko-mazurskie
1830,2020-05-19,32,warmińsko-mazurskie
1831,2020-05-20,21,warmińsko-mazurskie
1832,2020-05-21,8,warmińsko-mazurskie
1833,2020-05-22,9,warmińsko-mazurskie
1834,2020-05-23,10,warmińsko-mazurskie
1835,2020-05-24,10,warmińsko-mazurskie
1836,2020-05-25,10,warmińsko-mazurskie
1837,2020-05-26,9,warmińsko-mazurskie
1838,2020-05-27,9,warmińsko-mazurskie
1839,2020-05-28,9,warmińsko-mazurskie
1840,2020-05-29,10,warmińsko-mazurskie
1841,2020-05-30,12,warmińsko-mazurskie
1842,2020-05-31,11,warmińsko-mazurskie
1843,2020-06-01,11,warmińsko-mazurskie
1844,2020-06-02,11,warmińsko-mazurskie
1845,2020-06-03,6,warmińsko-mazurskie
1846,2020-06-04,5,warmińsko-mazurskie
1847,2020-06-05,7,warmińsko-mazurskie
1848,2020-06-06,7,warmińsko-mazurskie
1849,2020-06-07,7,warmińsko-mazurskie
1850,2020-06-08,8,warmińsko-mazurskie
1851,2020-06-09,7,warmińsko-mazurskie
1852,2020-06-10,7,warmińsko-mazurskie
1853,2020-06-11,7,warmińsko-mazurskie
1854,2020-06-12,9,warmińsko-mazurskie
1855,2020-06-13,9,warmińsko-mazurskie
1856,2020-06-14,8,warmińsko-mazurskie
1857,2020-06-15,12,warmińsko-mazurskie
1858,2020-06-16,12,warmińsko-mazurskie
1859,2020-06-17,15,warmińsko-mazurskie
1860,2020-06-18,16,warmińsko-mazurskie
1861,2020-06-19,18,warmińsko-mazurskie
1862,2020-06-20,19,warmińsko-mazurskie
1863,2020-06-21,19,warmińsko-mazurskie
1864,2020-06-22,16,warmińsko-mazurskie
1865,2020-06-23,19,warmińsko-mazurskie
1866,2020-06-24,21,warmińsko-mazurskie
1867,2020-06-26,22,warmińsko-mazurskie
1868,2020-06-27,14,warmińsko-mazurskie
1869,2020-06-28,14,warmińsko-mazurskie
1870,2020-06-29,16,warmińsko-mazurskie
1871,2020-06-30,21,warmińsko-mazurskie
1872,2020-07-02,20,warmińsko-mazurskie
1873,2020-07-03,20,warmińsko-mazurskie
1874,2020-07-04,25,warmińsko-mazurskie
1875,2020-07-05,26,warmińsko-mazurskie
1876,2020-07-06,26,warmińsko-mazurskie
1877,2020-07-07,26,warmińsko-mazurskie
1878,2020-07-08,26,warmińsko-mazurskie
1879,2020-07-09,22,warmińsko-mazurskie
1880,2020-07-10,22,warmińsko-mazurskie
1881,2020-07-11,21,warmińsko-mazurskie
1882,2020-07-12,21,warmińsko-mazurskie
1883,2020-07-13,18,warmińsko-mazurskie
1884,2020-07-14,17,warmińsko-mazurskie
1885,2020-07-15,17,warmińsko-mazurskie
1886,2020-07-16,18,warmińsko-mazurskie
1887,2020-07-17,17,warmińsko-mazurskie
1888,2020-07-18,15,warmińsko-mazurskie
1889,2020-07-19,15,warmińsko-mazurskie
1890,2020-07-20,13,warmińsko-mazurskie
1891,2020-07-21,11,warmińsko-mazurskie
1892,2020-07-22,10,warmińsko-mazurskie
1893,2020-07-23,12,warmińsko-mazurskie
1894,2020-07-24,12,warmińsko-mazurskie
1895,2020-07-25,16,warmińsko-mazurskie
1896,2020-07-26,19,warmińsko-mazurskie
1897,2020-07-27,17,warmińsko-mazurskie
1898,2020-07-28,20,warmińsko-mazurskie
1899,2020-07-29,21,warmińsko-mazurskie
1900,2020-07-30,21,warmińsko-mazurskie
1901,2020-07-31,20,warmińsko-mazurskie
1902,2020-08-01,18,warmińsko-mazurskie
1903,2020-08-02,18,warmińsko-mazurskie
1904,2020-03-11,10,wielkopolskie
1905,2020-03-12,28,wielkopolskie
1906,2020-03-14,52,wielkopolskie
1907,2020-03-16,62,wielkopolskie
1908,2020-03-17,70,wielkopolskie
1909,2020-03-18,106,wielkopolskie
1910,2020-03-19,66,wielkopolskie
1911,2020-03-20,71,wielkopolskie
1912,2020-03-21,73,wielkopolskie
1913,2020-03-23,63,wielkopolskie
1914,2020-03-24,75,wielkopolskie
1915,2020-03-25,74,wielkopolskie
1916,2020-03-26,81,wielkopolskie
1917,2020-03-27,92,wielkopolskie
1918,2020-03-28,84,wielkopolskie
1919,2020-03-29,85,wielkopolskie
1920,2020-03-30,87,wielkopolskie
1921,2020-03-31,97,wielkopolskie
1922,2020-04-01,107,wielkopolskie
1923,2020-04-02,109,wielkopolskie
1924,2020-04-03,109,wielkopolskie
1925,2020-04-04,99,wielkopolskie
1926,2020-04-05,109,wielkopolskie
1927,2020-04-06,133,wielkopolskie
1928,2020-04-07,170,wielkopolskie
1929,2020-04-08,187,wielkopolskie
1930,2020-04-09,189,wielkopolskie
1931,2020-04-10,179,wielkopolskie
1932,2020-04-11,179,wielkopolskie
1933,2020-04-12,171,wielkopolskie
1934,2020-04-13,162,wielkopolskie
1935,2020-04-14,177,wielkopolskie
1936,2020-04-15,181,wielkopolskie
1937,2020-04-16,177,wielkopolskie
1938,2020-04-17,179,wielkopolskie
1939,2020-04-18,170,wielkopolskie
1940,2020-04-19,219,wielkopolskie
1941,2020-04-20,222,wielkopolskie
1942,2020-04-21,227,wielkopolskie
1943,2020-04-22,231,wielkopolskie
1944,2020-04-23,211,wielkopolskie
1945,2020-04-24,286,wielkopolskie
1946,2020-04-25,300,wielkopolskie
1947,2020-04-26,295,wielkopolskie
1948,2020-04-27,280,wielkopolskie
1949,2020-04-28,273,wielkopolskie
1950,2020-04-29,280,wielkopolskie
1951,2020-04-30,287,wielkopolskie
1952,2020-05-01,269,wielkopolskie
1953,2020-05-02,274,wielkopolskie
1954,2020-05-03,277,wielkopolskie
1955,2020-05-04,277,wielkopolskie
1956,2020-05-05,260,wielkopolskie
1957,2020-05-06,262,wielkopolskie
1958,2020-05-07,272,wielkopolskie
1959,2020-05-08,294,wielkopolskie
1960,2020-05-09,306,wielkopolskie
1961,2020-05-10,319,wielkopolskie
1962,2020-05-11,306,wielkopolskie
1963,2020-05-12,322,wielkopolskie
1964,2020-05-13,325,wielkopolskie
1965,2020-05-14,316,wielkopolskie
1966,2020-05-15,310,wielkopolskie
1967,2020-05-17,354,wielkopolskie
1968,2020-05-18,339,wielkopolskie
1969,2020-05-19,252,wielkopolskie
1970,2020-05-20,276,wielkopolskie
1971,2020-05-21,258,wielkopolskie
1972,2020-05-22,247,wielkopolskie
1973,2020-05-23,231,wielkopolskie
1974,2020-05-25,222,wielkopolskie
1975,2020-05-26,222,wielkopolskie
1976,2020-05-27,204,wielkopolskie
1977,2020-05-28,202,wielkopolskie
1978,2020-05-29,202,wielkopolskie
1979,2020-05-30,176,wielkopolskie
1980,2020-05-31,176,wielkopolskie
1981,2020-06-01,195,wielkopolskie
1982,2020-06-02,197,wielkopolskie
1983,2020-06-03,185,wielkopolskie
1984,2020-06-04,183,wielkopolskie
1985,2020-06-05,187,wielkopolskie
1986,2020-06-06,167,wielkopolskie
1987,2020-06-07,165,wielkopolskie
1988,2020-06-08,160,wielkopolskie
1989,2020-06-09,151,wielkopolskie
1990,2020-06-10,134,wielkopolskie
1991,2020-06-11,122,wielkopolskie
1992,2020-06-12,128,wielkopolskie
1993,2020-06-13,129,wielkopolskie
1994,2020-06-14,125,wielkopolskie
1995,2020-06-15,125,wielkopolskie
1996,2020-06-16,120,wielkopolskie
1997,2020-06-17,123,wielkopolskie
1998,2020-06-18,108,wielkopolskie
1999,2020-06-19,115,wielkopolskie
2000,2020-06-20,100,wielkopolskie
2001,2020-06-21,94,wielkopolskie
2002,2020-06-22,95,wielkopolskie
2003,2020-06-23,112,wielkopolskie
2004,2020-06-24,116,wielkopolskie
2005,2020-06-25,102,wielkopolskie
2006,2020-06-26,101,wielkopolskie
2007,2020-06-27,96,wielkopolskie
2008,2020-06-28,96,wielkopolskie
2009,2020-06-29,119,wielkopolskie
2010,2020-06-30,121,wielkopolskie
2011,2020-07-01,120,wielkopolskie
2012,2020-07-02,120,wielkopolskie
2013,2020-07-03,114,wielkopolskie
2014,2020-07-04,121,wielkopolskie
2015,2020-07-05,135,wielkopolskie
2016,2020-07-06,140,wielkopolskie
2017,2020-07-07,139,wielkopolskie
2018,2020-07-08,139,wielkopolskie
2019,2020-07-09,131,wielkopolskie
2020,2020-07-10,117,wielkopolskie
2021,2020-07-11,116,wielkopolskie
2022,2020-07-12,116,wielkopolskie
2023,2020-07-13,116,wielkopolskie
2024,2020-07-14,115,wielkopolskie
2025,2020-07-15,113,wielkopolskie
2026,2020-07-16,113,wielkopolskie
2027,2020-07-17,124,wielkopolskie
2028,2020-07-18,117,wielkopolskie
2029,2020-07-19,112,wielkopolskie
2030,2020-07-20,124,wielkopolskie
2031,2020-07-21,141,wielkopolskie
2032,2020-07-22,141,wielkopolskie
2033,2020-07-23,116,wielkopolskie
2034,2020-07-24,122,wielkopolskie
2035,2020-07-26,130,wielkopolskie
2036,2020-07-27,118,wielkopolskie
2037,2020-07-28,124,wielkopolskie
2038,2020-07-29,123,wielkopolskie
2039,2020-07-30,132,wielkopolskie
2040,2020-07-31,132,wielkopolskie
2041,2020-08-01,152,wielkopolskie
2042,2020-08-02,144,wielkopolskie
2043,2020-03-12,17,zachodniopomorskie
2044,2020-03-13,9,zachodniopomorskie
2045,2020-03-14,8,zachodniopomorskie
2046,2020-03-15,5,zachodniopomorskie
2047,2020-03-16,10,zachodniopomorskie
2048,2020-03-17,11,zachodniopomorskie
2049,2020-03-18,13,zachodniopomorskie
2050,2020-03-19,9,zachodniopomorskie
2051,2020-03-20,9,zachodniopomorskie
2052,2020-03-21,10,zachodniopomorskie
2053,2020-03-22,11,zachodniopomorskie
2054,2020-04-01,5,zachodniopomorskie
2055,2020-04-02,5,zachodniopomorskie
2056,2020-04-03,4,zachodniopomorskie
2057,2020-04-04,4,zachodniopomorskie
2058,2020-04-05,4,zachodniopomorskie
2059,2020-04-06,8,zachodniopomorskie
2060,2020-04-07,7,zachodniopomorskie
2061,2020-04-08,9,zachodniopomorskie
2062,2020-04-09,3,zachodniopomorskie
2063,2020-04-10,2,zachodniopomorskie
2064,2020-04-11,4,zachodniopomorskie
2065,2020-04-12,3,zachodniopomorskie
2066,2020-04-13,1,zachodniopomorskie
2067,2020-04-14,3,zachodniopomorskie
2068,2020-04-16,2,zachodniopomorskie
2069,2020-04-17,6,zachodniopomorskie
2070,2020-04-18,10,zachodniopomorskie
2071,2020-04-19,6,zachodniopomorskie
2072,2020-04-20,5,zachodniopomorskie
2073,2020-04-21,6,zachodniopomorskie
2074,2020-04-22,3,zachodniopomorskie
2075,2020-04-23,5,zachodniopomorskie
2076,2020-04-24,4,zachodniopomorskie
2077,2020-04-25,5,zachodniopomorskie
2078,2020-04-26,5,zachodniopomorskie
2079,2020-04-27,6,zachodniopomorskie
2080,2020-04-28,4,zachodniopomorskie
2081,2020-04-29,3,zachodniopomorskie
2082,2020-04-30,2,zachodniopomorskie
2083,2020-05-01,2,zachodniopomorskie
2084,2020-05-02,2,zachodniopomorskie
2085,2020-05-03,3,zachodniopomorskie
2086,2020-05-04,3,zachodniopomorskie
2087,2020-05-05,3,zachodniopomorskie
2088,2020-05-06,3,zachodniopomorskie
2089,2020-05-07,6,zachodniopomorskie
2090,2020-05-08,4,zachodniopomorskie
2091,2020-05-09,5,zachodniopomorskie
2092,2020-05-10,3,zachodniopomorskie
2093,2020-05-11,2,zachodniopomorskie
2094,2020-05-12,1,zachodniopomorskie
2095,2020-05-13,1,zachodniopomorskie
2096,2020-05-14,1,zachodniopomorskie
2097,2020-05-15,2,zachodniopomorskie
2098,2020-05-16,4,zachodniopomorskie
2099,2020-05-17,3,zachodniopomorskie
2100,2020-05-18,3,zachodniopomorskie
2101,2020-05-19,2,zachodniopomorskie
2102,2020-05-20,2,zachodniopomorskie
2103,2020-05-21,5,zachodniopomorskie
2104,2020-05-22,7,zachodniopomorskie
2105,2020-05-23,3,zachodniopomorskie
2106,2020-05-24,2,zachodniopomorskie
2107,2020-05-25,2,zachodniopomorskie
2108,2020-05-26,2,zachodniopomorskie
2109,2020-05-27,3,zachodniopomorskie
2110,2020-05-28,4,zachodniopomorskie
2111,2020-05-29,2,zachodniopomorskie
2112,2020-05-30,2,zachodniopomorskie
2113,2020-05-31,2,zachodniopomorskie
2114,2020-06-01,2,zachodniopomorskie
2115,2020-06-02,1,zachodniopomorskie
2116,2020-06-03,1,zachodniopomorskie
2117,2020-06-14,1,zachodniopomorskie
2118,2020-06-15,1,zachodniopomorskie
2119,2020-06-16,1,zachodniopomorskie
2120,2020-06-17,1,zachodniopomorskie
2121,2020-06-18,1,zachodniopomorskie
2122,2020-06-19,1,zachodniopomorskie
2123,2020-06-21,1,zachodniopomorskie
2124,2020-06-22,1,zachodniopomorskie
2125,2020-07-02,1,zachodniopomorskie
2126,2020-07-08,1,zachodniopomorskie
2127,2020-07-21,1,zachodniopomorskie
2128,2020-08-01,1,zachodniopomorskie
